{"cameraMode":{"drawMode":0,"name":"Shaded","section":"Shading Mode"},"sceneLighting":false,"audioPlay":false,"sceneViewState":{"showFog":true,"showMaterialUpdate":true,"showSkybox":false,"showFlares":true,"showImageEffects":true,"showParticleSystems":true},"in2DMode":false,"pivot":{"x":0.003000006079673767,"y":0.017000004649162294,"z":-1.0490000247955323},"rotation":{"x":-0.19181564450263978,"y":0.695885956287384,"z":-0.20161160826683045,"w":-0.6620665788650513},"size":2.8578836917877199,"orthographic":true}