{"cameraMode":{"drawMode":0,"name":"Shaded","section":"Shading Mode"},"sceneLighting":false,"audioPlay":false,"sceneViewState":{"showFog":true,"showMaterialUpdate":true,"showSkybox":false,"showFlares":true,"showImageEffects":true,"showParticleSystems":true},"in2DMode":false,"pivot":{"x":0.09000001847743988,"y":1.2899999618530274,"z":-4.727528095245361},"rotation":{"x":0.037182386964559558,"y":-0.7504160404205322,"z":0.04236600548028946,"w":0.6585592031478882},"size":2.394277334213257,"orthographic":true}